{"cameraMode":{"drawMode":0,"name":"Shaded","section":"Shading Mode"},"sceneLighting":true,"audioPlay":false,"sceneViewState":{"showFog":false,"showMaterialUpdate":false,"showSkybox":false,"showFlares":false,"showImageEffects":false,"showParticleSystems":false},"in2DMode":false,"pivot":{"x":3.167076349258423,"y":11.39988899230957,"z":48.652244567871097},"rotation":{"x":-0.5586984753608704,"y":0.14355653524398805,"z":-0.09892194718122482,"w":-0.8108769059181213},"size":32.84739685058594,"orthographic":false}